,File,Cluster,UMAP_1,UMAP_2
0,0,1,22.61204,10.034131
1,1,0,14.910124,-1.4888122
2,2,1,23.04044,9.575711
3,3,0,15.43913,-1.7946156
4,4,0,15.189039,-0.6814812
5,5,0,15.414192,-1.2319338
6,6,0,14.511769,-0.97593904
7,7,1,22.093199,10.136695
8,8,0,14.303184,-1.6167382
9,9,1,22.07409,9.424014
10,10,1,22.56455,9.169696
11,11,0,14.737091,-2.0800543
12,12,1,22.422514,8.687265
